id,time
i21hp3,1596395135.4546075
i1vto9,1596395135.4546149
